motif name ,seqeunce,sequence orientation,strand
5pf,ACTTACCCGCTACTTTCATCACTAA,5' to 3',plus
_1,AACAACATCAATCCTACATCGCCTA,5' to 3',plus
_2,ATATACCTCGCCTCATCTCAATCAA,5' to 3',plus
_3,TTTCACTTCTTATCCGCCTCACCTA,5' to 3',plus
_4,CACCTTCACCTTACCTACTCAATTC,5' to 3',plus
_5,CAACCCTCTATCCGCCTCTCCACTA,5' to 3',plus
_6,AACCCATCACTTACCTCTCTTAACA,5' to 3',plus
_7,CCATCCATATCATTTTCTCCTTACC,5' to 3',plus
_8,CCACATCTACCCTTCCACTCTATCA,5' to 3',plus
3pf,ACCACCTCGCATCATACCTACCTTA,5' to 3',plus
5pf_splint,TTGGATAAGAGGCGTTGGGAGTAAA,5' to 3',minus
1_splint,GATTAAGAGGCGTGGATGAAAGTAT,5' to 3',minus
2_splint,GAAGAGTGCGTGTGAGATAGATAGG,5' to 3',minus
3_splint,TGCGGGTAGGTGAAAGTAGGATGTG,5' to 3',minus
4_splint,GTGGAGAAGTGAGTAGGAAAGTAAG,5' to 3',minus
5_splint,GTGGTAGTAAGTAGAAGTGTGTGAG,5' to 3',minus
6_splint,GCGAATGAAGGGTAGTATATAGGAG,5' to 3',minus
7_splint,TTTGTGCGATGGTGGGATGGAAGAA,5' to 3',minus
8_splint,GCGGGGATAAAGGTAGAAAAGGTAA,5' to 3',minus
9_splint,AGGGATGGAGCTGGGTTGTATGTAA,5' to 3',minus
10_splint,ATAGTGTAGTTGGGATGGGCAGAGA,5' to 3',minus